{"cameraMode":{"drawMode":0,"name":"Shaded","section":"Shading Mode"},"sceneLighting":true,"audioPlay":false,"sceneViewState":{"showFog":true,"showMaterialUpdate":false,"showSkybox":true,"showFlares":true,"showImageEffects":true,"showParticleSystems":true},"in2DMode":false,"pivot":{"x":-4.501702308654785,"y":7.427426338195801,"z":19.94574737548828},"rotation":{"x":0.07865115255117417,"y":-0.5068551301956177,"z":0.04650845378637314,"w":0.8571839928627014},"size":22.0,"orthographic":false}