{"cameraMode":{"drawMode":0,"name":"Shaded","section":"Shading Mode"},"sceneLighting":true,"audioPlay":false,"sceneViewState":{"showFog":true,"showMaterialUpdate":false,"showSkybox":true,"showFlares":true,"showImageEffects":true,"showParticleSystems":true},"in2DMode":false,"pivot":{"x":-381.1352844238281,"y":-239.0479278564453,"z":57.998741149902347},"rotation":{"x":0.18980978429317475,"y":-0.6632616519927979,"z":0.17950540781021119,"w":0.7013341784477234},"size":515.0932006835938,"orthographic":false}