{"cameraMode":{"drawMode":0,"name":"Shaded","section":"Shading Mode"},"sceneLighting":true,"audioPlay":false,"sceneViewState":{"showFog":true,"showMaterialUpdate":false,"showSkybox":true,"showFlares":true,"showImageEffects":true,"showParticleSystems":true},"in2DMode":false,"pivot":{"x":19.08047866821289,"y":17.319921493530275,"z":241.3058624267578},"rotation":{"x":-0.09961365908384323,"y":0.31593194603919985,"z":-0.035474617034196857,"w":-0.9431349635124207},"size":2.6454453468322756,"orthographic":false}