{"cameraMode":{"drawMode":0,"name":"Shaded","section":"Shading Mode"},"sceneLighting":true,"audioPlay":false,"sceneViewState":{"showFog":true,"showMaterialUpdate":false,"showSkybox":true,"showFlares":true,"showImageEffects":true,"showParticleSystems":true},"in2DMode":false,"pivot":{"x":21.066871643066408,"y":16.789819717407228,"z":9.043817520141602},"rotation":{"x":0.3502507507801056,"y":0.3418523073196411,"z":-0.13908295333385468,"w":0.8608824610710144},"size":283.5325927734375,"orthographic":true}