{"cameraMode":{"drawMode":0,"name":"Shaded","section":"Shading Mode"},"sceneLighting":true,"audioPlay":false,"sceneViewState":{"showFog":true,"showMaterialUpdate":false,"showSkybox":true,"showFlares":true,"showImageEffects":true,"showParticleSystems":true},"in2DMode":false,"pivot":{"x":209.0072784423828,"y":-225.2857666015625,"z":398.5016784667969},"rotation":{"x":0.2735835909843445,"y":0.16489748656749726,"z":-0.04766441509127617,"w":0.9464253783226013},"size":558.8672485351563,"orthographic":false}