{"cameraMode":{"drawMode":0,"name":"Shaded","section":"Shading Mode"},"sceneLighting":true,"audioPlay":false,"sceneViewState":{"showFog":true,"showMaterialUpdate":false,"showSkybox":true,"showFlares":true,"showImageEffects":true,"showParticleSystems":true},"in2DMode":false,"pivot":{"x":96.75056457519531,"y":-6.292600631713867,"z":71.41067504882813},"rotation":{"x":-0.18203037977218629,"y":-0.8034253120422363,"z":0.30652013421058657,"w":-0.47696033120155337},"size":125.46807098388672,"orthographic":false}