{"cameraMode":{"drawMode":0,"name":"Shaded","section":"Shading Mode"},"sceneLighting":false,"audioPlay":false,"sceneViewState":{"showFog":true,"showMaterialUpdate":false,"showSkybox":false,"showFlares":true,"showImageEffects":true,"showParticleSystems":true},"in2DMode":false,"pivot":{"x":-12.646053314208985,"y":-0.0513916015625,"z":-5.3344268798828129},"rotation":{"x":-0.014093293808400631,"y":-0.9624338746070862,"z":0.26636528968811037,"w":-0.0511627122759819},"size":173.10464477539063,"orthographic":false}