{"cameraMode":{"drawMode":0,"name":"Shaded","section":"Shading Mode"},"sceneLighting":true,"audioPlay":false,"sceneViewState":{"showFog":true,"showMaterialUpdate":false,"showSkybox":true,"showFlares":true,"showImageEffects":true,"showParticleSystems":true},"in2DMode":false,"pivot":{"x":209.3211669921875,"y":-103.52801513671875,"z":210.40574645996095},"rotation":{"x":0.40497440099716189,"y":-0.5783799886703491,"z":0.4015762507915497,"w":0.583274781703949},"size":563.3840942382813,"orthographic":false}