{"cameraMode":{"drawMode":0,"name":"Shaded","section":"Shading Mode"},"sceneLighting":true,"audioPlay":false,"sceneViewState":{"showFog":true,"showMaterialUpdate":false,"showSkybox":true,"showFlares":true,"showImageEffects":true,"showParticleSystems":true},"in2DMode":false,"pivot":{"x":55.21658706665039,"y":-52.738285064697269,"z":121.36664581298828},"rotation":{"x":0.7060457468032837,"y":0.00022323123994283378,"z":-0.00022239798272494227,"w":0.7081666588783264},"size":869.6138916015625,"orthographic":false}