{"cameraMode":{"drawMode":0,"name":"Shaded","section":"Shading Mode"},"sceneLighting":true,"audioPlay":false,"sceneViewState":{"showFog":true,"showMaterialUpdate":false,"showSkybox":true,"showFlares":true,"showImageEffects":true,"showParticleSystems":true},"in2DMode":false,"pivot":{"x":-0.38910388946533205,"y":44.43065643310547,"z":14.603141784667969},"rotation":{"x":0.27288272976875307,"y":-0.05767950788140297,"z":0.016393881291151048,"w":0.960180401802063},"size":47.06242752075195,"orthographic":false}